THE LEGEND OF ZELDA: BREATH OF THE WILD;96;8.3;Wii U;Nintendo;Nintendo;Mar 3, 2017;Ignore everything you know about The Legend of Zelda games. Step into a world of discovery, exploration and adventure in The Legend of Zelda: Breath of the Wild. Travel across fields, through forests and to mountain peaks as you discover what has become of the ruined kingdom of Hyrule in… Expand;13 ;Fantasy,Fantasy,Action Adventure,Open-World
SUPER MARIO 3D WORLD;93;8.9;Wii U;Nintendo;Nintendo;Nov 22, 2013;Work together with your friends or compete for the crown in the first multiplayer 3D Mario game for the Wii U console. In the Super Mario 3D World game, players can choose to play as Mario, Luigi, Princess Peach or Toad.;83 ;Platformer,3D,Action,Platformer,3D
SUPER SMASH BROS. FOR WII U;92;8.9;Wii U;Nintendo;Bandai Namco Games;Nov 21, 2014;Duke it out with your favorite Nintendo characters in Super Smash Bros. for the Nintendo Wii U.;77 ;Action,Fighting,Fighting,3D,2D,2D,3D
RAYMAN LEGENDS;92;8.8;Wii U;Ubisoft;Ubisoft Montpellier;Sep 3, 2013;Rayman, Globox, and the Teensies are off wandering through an enchanted forest when they discover a mysterious tent filled with a series of captivating paintings. As they look more closely, they notice each painting seems to tell the story of a mythical world. While focusing on a painting… Expand;35 ;Action,Platformer,Platformer,2D,2D
BAYONETTA 2;91;8.9;Wii U;Nintendo;PlatinumGames;Sep 20, 2014;In this climatic sequel to the critically acclaimed Bayonetta action game, players will be on the edge of their seats from start to finish. Brimming with epic, gorgeous cut scenes and battles that are more exhilarating than ever, this game never lets up on the action. Fight on top of a jet… Expand;80 ;Action Adventure,Fantasy,Fantasy,Linear
THE LEGEND OF ZELDA: THE WIND WAKER HD;90;9.0;Wii U;Nintendo;Nintendo;Sep 20, 2013;As the purported definitive version of the game, The Legend of Zelda: The Wind Waker HD is remastered and presented in 1080p graphics. Gamers can experience high-definition cell-shaded presentation on their TVs or entirely on the Wii U GamePad controller. The streamlined interface lets… Expand;70 ;Action Adventure,Fantasy,Fantasy,Open-World
MARIO KART 8 DLC PACK 2;90;8.9;Wii U;Nintendo;Nintendo;Apr 23, 2015;Downloadable goodies for MK 8 players.;11 ;Driving,Kart,Racing,Arcade,Automobile
GUACAMELEE! SUPER TURBO CHAMPIONSHIP EDITION;90;7.7;Wii U;DrinkBox Studios;DrinkBox Studios;Jul 2, 2014;Guacamelee! is a Metroid-vania style action-platformer set in a magical Mexican inspired world. The game draws its inspiration from traditional Mexican culture and folklore, and features many interesting and unique characters. Guacamelee builds upon the classic open-world Metroid-vania style… Expand;9 ;Action,Platformer,2D
SKYLANDERS SWAP FORCE;89;6.1;Wii U;Activision;Vicarious Visions;Oct 13, 2013;In Skylanders SWAP Force, Portal Masters embark on an adventure in the mysterious Cloudbreak Islands, where a magical volcano gives the heroes the power to swap halves, turning them into a special team known as the SWAP Force. By reassembling this team, Portal Masters must send back Kaos and… Expand;7 ;Action,Platformer,Platformer,3D,3D
AXIOM VERGE;89;8.5;Wii U;Tom Happ;Tom Happ;Sep 1, 2016;Plumb the recesses of a large, labyrinthine world in order to learn its secrets and uncover your role within it. Discover tons of weapons, items, and abilities, each with their own unique behaviors and usage. You'll need your wits to find them all. Combat bizarre biomechanoid constructs, the… Expand;8 ;Action Adventure,General
DEUS EX: HUMAN REVOLUTION - DIRECTOR'S CUT;88;8.5;Wii U;Square Enix;Eidos Montreal;Oct 22, 2013;In Deus Ex: Human Revolution you play Adam Jensen, a security specialist, handpicked to oversee the defense of one of America's most experimental biotechnology firms. But when a black ops team breaks in and kills the scientists you were hired to protect, everything you thought you knew about… Expand;30 ;Action Adventure,Sci-Fi,Sci-Fi,General
MARIO KART 8;88;8.8;Wii U;Nintendo;Nintendo;May 30, 2014;Mario Kart 8 introduces new racing circuit designs and antigravity karts that will have players driving upside down. Players will also enjoy a variety of series-favorite features, including the return of 12-player online competitive play, hang-gliders, underwater racing and motorbikes.;82 ;Driving,Racing,Arcade,Kart,Kart,Automobile
SUPER MARIO MAKER;88;8.8;Wii U;Nintendo;Nintendo;Sep 11, 2015;Play a countless number of intensely creative Super Mario levels from players around the globe. It’s easy enough to create your own levels with the Wii U GamePad controller that it may feel like you’re simply sketching out your ideas on paper, but you can now bring enemies and objects into a… Expand;85 ;Action,Platformer,2D
SHOVEL KNIGHT;88;8.4;Wii U;Yacht Club Games;Yacht Club Games;Jun 26, 2014;Shovel Knight is a sweeping classic action adventure game with memorable characters and an 8-bit retro aesthetic created by Yacht Club Games. You play as the eponymous Shovel Knight, a small knight with a huge quest. Shovel Knight has come to this valley with two goals: to defeat the evil… Expand;24 ;Platformer,2D,Action,Platformer,2D
MARIO KART 8 DLC PACK 1;87;8.9;Wii U;Nintendo;Nintendo;Nov 13, 2014;The DLC pack adds Link, Cat Peach, and Tanooki Mario to the roster of playable characters along with 8 new tracks.;7 ;Driving,Racing,Arcade,Kart,Automobile
SKYLANDERS SUPERCHARGERS;87;5.7;Wii U;Activision;Vicarious Visions;Sep 20, 2015;Skylanders SuperChargers features a brand-new class of heroes, called SuperChargers who are distinct with fresh moves, powerful attacks and all-new weapons. These SuperChargers also have special in-game abilities that help Portal Masters fight Kaos. Twenty new SuperChargers character toys… Expand;13 ;Action,Platformer,3D
STEAMWORLD HEIST;87;7.9;Wii U;Image & Form;Image & Form;Oct 20, 2016;Join Captain Piper Faraday, smuggler and occasional pirate, as she recruits a rag-tag team of steam-driven robots and sets out on a daring adventure. With your hearty crew you’ll board, loot and shoot your way through enemy spaceships. Overcome the challenges of the vast frontier by… Expand;7 ;Strategy,Turn-Based,General
PIKMIN 3;87;8.7;Wii U;Nintendo;Nintendo;Aug 4, 2013;Pikmin 3 is a reimagined, mass-action strategy title from the critically acclaimed Pikmin series. Players take control of 3 explorers and an array of cute Pikmin in a struggle for survival. By exploiting the unique abilities of these little Pikmin creatures, players solve puzzles, battle… Expand;79 ;Strategy,Real-Time,Fantasy,General,Fantasy
NEED FOR SPEED: MOST WANTED U;86;7.5;Wii U;Electronic Arts;Criterion Games;Mar 19, 2013;Need for Speed: Most Wanted is an open world Racing game. The game is the 19th release in the long-running Need for Speed franchise, but hearkens back to the earliest games in the series as players compete in races with police unified against them. Races have a set beginning and end point,… Expand;36 ;Driving,Racing,Simulation,GT / Street,GT / Street,Automobile
BAYONETTA;86;8.8;Wii U;Nintendo;Bee Tribe;Oct 24, 2014;Bayonetta is a cinematic and stylish action game from the creative mind of Hideki Kamiya. As a gun-wielding witch with powers beyond the comprehension of mere mortals, Bayonetta faces-off against countless enemies in a game of 100% pure all-out action. Outlandish finishing moves are… Expand;18 ;Action,Fantasy,Beat-'Em-Up,Action Adventure,Linear
GUNMAN CLIVE HD COLLECTION;86;8.2;Wii U;Horberg Productions;Horberg Productions;Sep 3, 2015;In the year of 18XX, the west is overrun by thugs and outlaws. A group of bandits have kidnapped Mayor Johnsons daughter and are spreading havoc across the land. Gunman Clive must rescue the girl and bring order to the west, then finish the fight in Gunman Clive 2. His battle against the… Expand;10 ;Miscellaneous,Compilation
THE LEGEND OF ZELDA: TWILIGHT PRINCESS HD;86;8.5;Wii U;Nintendo;Tantalus;Mar 4, 2016;A dark force, shrouded in twilight, has invaded the vast land of Hyrule. To restore light to the world, team up with the mysterious creature Midna and embrace the darkness to transform into a divine wolf. Fight through labyrinthine dungeons, survive puzzling traps in this legendary Zelda… Expand;74 ;Action Adventure,General,Open-World
MASS EFFECT 3: SPECIAL EDITION;85;7.7;Wii U;Electronic Arts;Straight Right;Nov 13, 2012;Earth is on fire. Striking from beyond known space, a race of terrifying machines have begun their destruction of the human race. As Commander Shepard, an Alliance Marine, your only hope for saving mankind is to rally the civilizations of the galaxy and launch one final mission to take back… Expand;33 ;Action RPG,Role-Playing,Action RPG
ASSASSIN'S CREED III;85;7.2;Wii U;Ubisoft;Ubisoft Quebec;Nov 18, 2012;The Colonies, 1775: A brave your warrior fights to save his homeland. But what begins as a struggle over territory turns into a journey that will transform him into a Master Assassin - one that will forever change the destiny of a newborn nation. Assume the role of Connor, warrior son of a… Expand;26 ;Action Adventure,Historic,Historic,Open-World
NBA 2K13;85;7.1;Wii U;2K Sports;Visual Concepts;Nov 18, 2012;Featuring an enhanced MyCAREER mode and new gameplay features, NBA 2K13 lets gamers pit the best players in NBA history against the new dynasty of talent, including the much-debated matchup between the 2012 U.S. Men’s National Team and the 1992 “Dream Team.”;17 ;Sports,Traditional,Team,Basketball,Sim,Sim
DARKSIDERS II;85;7.7;Wii U;THQ;Vigil Games;Nov 18, 2012;Darksiders II follows the exploits of DEATH, one of the 4 horsemen of the Apocalypse, in a weaving tale that runs parallel to the events in the original Darksiders game. This epic journey propels DEATH through various light and dark realms as he tries to redeem his brother WAR, the horseman… Expand;36 ;Modern,Action Adventure,Fantasy,Fantasy,Open-World
BATMAN: ARKHAM CITY - ARMORED EDITION;85;8.5;Wii U;Warner Bros. Interactive Entertainment;Rocksteady Studios;Nov 18, 2012;Developed by WB Games Montreal, Batman: Arkham City Armored Edition is the enhanced version of the game created by Rocksteady Studios. The Wii U version delivers the same impactful story and gameplay as the original title, this time with enhanced gameplay mechanics and features made possible… Expand;37 ;Action Adventure,Fantasy,Fantasy,Open-World
SHANTAE AND THE PIRATE'S CURSE;85;8.7;Wii U;WayForward;WayForward;Dec 25, 2014;Embark on a brand new adventure which teams Shantae with her arch nemesis, Risky Boots! When a curse falls upon Sequin Land, Risky Boots and Shantae must join forces to battle unimaginable evil. Shantae must give up her job as Scuttle Towns "Guardian Genie" and become a pirate if… Expand;10 ;Action,Platformer,2D
FREEDOM PLANET;84;8.5;Wii U;GalaxyTrail;GalaxyTrail;Aug 20, 2015;Fight your way across the celestial world of Avalice where cats are green, motorcycles drive up walls and monster girls do most of the buttkicking. Freedom Planet is a cartoony, combat-based platform adventure that pits a spunky dragonoid and her friends against an alien attack force.;7 ;Action,Platformer,2D
TRINE 2: DIRECTOR'S CUT;84;7.9;Wii U;Frozenbyte, Inc.;Frozenbyte, Inc.;Nov 18, 2012;Trine 2: Director's Cut, exclusively for Wii U, features a total of 20 levels full of adventure, including the high-acclaimed Goblin Menace expansion campaign and the exclusive "Dwarven Caverns" level, making Trine 2: Director's Cut the most comprehensive package of Trine 2 on any platform.;25 ;Action,Platformer,Platformer,2D,2D
CHILD OF LIGHT;84;8.5;Wii U;Ubisoft;Ubisoft Montreal;Apr 29, 2014;The duke's daughter Aurora is dead. and yet, she lives. Join Aurora across the mysterious kingdom of Lemuria on her quest to return home. Helped by Igniculus the firefly, Finn the Capilli and many more, she must defeat the Queen of the Night who has stolen the sun, the moon and the stars.;7 ;Action,Role-Playing,General,General,General
XENOBLADE CHRONICLES X;84;9.1;Wii U;Nintendo;Monolith Soft;Dec 4, 2015;Fight for survival while exploring the vast expanses of an unknown planet where anything you see is reachable in your weaponized mech, called a Skell. Customize a lethal skill set of combat and defensive skills, called Arts, to strengthen your strategies and defeat enemies efficiently.… Expand;87 ;Action RPG,Role-Playing,Action RPG
MUTANT MUDDS DELUXE;84;7.3;Wii U;Renegade Kid;Renegade Kid;Jun 13, 2013;Love pixels? Fond of platformers? Is there a special place in your heart for the 8-bit and 16-bit era? Want to have fun? Yes!? Well, youve come to the right place, my friend. Mutant Mudds Deluxe is a 12-bit action platformer full of pixels and platforming fun!Our hero, Max, may be just a… Expand;7 ;Action,Platformer,Platformer,2D,2D
BIT.TRIP PRESENTS...RUNNER2: FUTURE LEGEND OF RHYTHM ALIEN;84;7.8;Wii U;Gaijin Games;Gaijin Games;Feb 26, 2013;Runner 2 - Future Legend of Rhythm Alien is inspired by the Bit.Trip series originally released on Nintendo platforms.;18 ;Action,Miscellaneous,Rhythm,Music,Music
NEW SUPER MARIO BROS. U;84;8.0;Wii U;Nintendo;Nintendo;Nov 18, 2012;It was just another dinner at the castle with Mario, Luigi, Toad, and Princess Peach... Until suddenly the vicious Koopa fleet invades Mushroom kingdom airspace and launches a full-scale assault! With Bowser at the helm and his Koopalings each in their own custom airships, the castle is… Expand;70 ;Action,Platformer,Platformer,2D,2D
TEKKEN TAG TOURNAMENT 2: WII U EDITION;83;8.0;Wii U;Namco Bandai Games;Namco Bandai Games;Nov 18, 2012;For the first time on any Nintendo console - Tekken Tag Tournament 2 promises to deliver completely updated features and the most comprehensive Tekken experience to date. Play with the largest Tekken roster ever, in all new stages, utilizing fully re-engineered multiplayer functionality for… Expand;28 ;Action,Fighting,Fighting,3D,3D
STAR WARS PINBALL;83;7.1;Wii U;Zen Studios;Zen Studios;Jul 11, 2013;Feel the power of the Force in Star Wars Pinball! Set in a galaxy far, far away, each of the tables in this brand new pack lets you interact with the most iconic characters, and relive the greatest moments of the Star Wars universe: Star Wars: Episode V The Empire Strikes Back, Star Wars:… Expand;13 ;Action,Miscellaneous,Parlor,Pinball,Pinball
MUTANT MUDDS: SUPER CHALLENGE;83;6.9;Wii U;Renegade Kid;Renegade Kid;Mar 17, 2016;The game features a host of fresh platforming challenges and boss fights for super players. Max doesn’t miss a beat. picking up the action from the moment the original Mutant Mudds game ended. Max receives special intel, revealing the location of the original meteor impact site – showing… Expand;7 ;Action,Platformer,2D
CASTLESTORM;83;7.8;Wii U;Zen Studios;Zen Studios;Dec 26, 2013;Set in a colorful medieval world, CastleStorm is a new breed of 2D archery projectile warfare and 2D physics-based structure destruction game.;8 ;Strategy,General
STEAMWORLD DIG;83;8.0;Wii U;Image & Form;Image & Form;Aug 28, 2014;The clock has stopped around the turn of the 19th century, and humankind has prematurely blown itself to bits. The remaining scraps are huddling in caves beneath the surface, and steam-powered robots have taken over the Wild West.;13 ;Action,Action Adventure,General,Platformer,2D
SEVERED;83;7.8;Wii U;DrinkBox Studios;DrinkBox Studios;Sep 22, 2016;Severed follows the saga of a distraught warrior, who is lost in a fantastical world, as she knits together pieces of her story from both the past and the future. As the heroine, players will embark on a journey through a surreal, nonlinear world by using a gesture-based combat mechanic to… Expand;8 ;Action Adventure,General
DONKEY KONG COUNTRY: TROPICAL FREEZE;83;8.9;Wii U;Nintendo;Retro Studios;Feb 21, 2014;Donkey Kong Country: Tropical Freeze has players help Donkey Kong and his friends get back their home from Vikings. Swing, swim, leap, and barrel-blast your way through tons of eye-popping levels to save DK Island from a permanent freeze.;77 ;Platformer,2D,Action,Platformer,2D
LEGO MARVEL SUPER HEROES;82;8.0;Wii U;Warner Bros. Interactive Entertainment;TT Games;Oct 22, 2013;LEGO Marvel Super Heroes features an original story where players take control of Iron Man, Spider-Man, the Hulk, Captain America, Wolverine and many more Marvel characters as they unite to stop Loki and a host of other Marvel villains from assembling a super-weapon capable of destroying the world.;8 ;Action Adventure,Fantasy,General,Fantasy,Open-World
MONSTER HUNTER 3 ULTIMATE;82;8.2;Wii U;Capcom;Capcom;Mar 19, 2013;Traverse the grand world of Monster Hunter as you journey through more than two hundred quests, battle larger-than-larger-than-life monsters, and create a myriad of weapons and armor. Hunt with your pair of AI companions in single player quests or connect via the Wii U system with up to 3… Expand;55 ;Role-Playing,Action Adventure,Fantasy,Action RPG
STEALTH INC 2: A GAME OF CLONES;82;7.9;Wii U;Curve Digital;Curve Digital;Oct 30, 2014;Assume the role of a clone evading a notorious scientific testing facility. Stealth Inc 2 tests your mind and your reflexes over sixty levels linked together in a sprawling world.;21 ;Action,Platformer,2D
RUNBOW;82;7.8;Wii U;13AM Games ;13AM Games;Aug 27, 2015;Runbow is a fast-paced action party game with a novel color mechanic: Up-to nine players race against each other as platforms and obstacles appear and disappear when the background changes vibrant colors.;34 ;Action,General,Platformer,2D
ART ACADEMY: HOME STUDIO;82;7.9;Wii U;Nintendo;Headstrong Games;Jun 25, 2015;Also known as Art Academy: Atelier.;9 ;Miscellaneous,Edutainment
ART OF BALANCE;82;8.0;Wii U;Shin'en;Shin'en;Oct 9, 2014;Grab your stylus and build a balanced stack in this physics-based puzzler!Puzzle games must be addictive. This was our top priority during the development of the game. That's why we designed 200 levels that not only challenge your skills but also your imagination. With its perfect touch… Expand;9 ;Puzzle,General
YEAR WALK;82;7.6;Wii U;Simogo;Simogo;Sep 17, 2015;In the old days man tried to catch a glimpse of the future in the strangest of ways. Experience the ancient Swedish phenomena of year walking through a different kind of first person adventure that blurs the line between two and three dimensions as well as reality and the supernatural.;12 ;Adventure,3D,First-Person
SPLATOON;81;8.7;Wii U;Nintendo;Nintendo;May 29, 2015;Splatoon is a four-on-four multiplayer action game that drops players into a battle arena that two teams strive to claim as their own. Players of each team spray ink on the ground around them while blotting out the opposing team members in turf war competitions. Each character can turn into… Expand;88 ;Fantasy,Action,Shooter,Third-Person,Arcade
CALL OF DUTY: BLACK OPS II;81;6.9;Wii U;Activision;Treyarch;Nov 18, 2012;Black Ops II makes use of Wii U’s second-screen including the ability to view multiplayer maps, call in score streaks and choose load-outs. Players have the option to use Wii U’s split-screen functions to use both the GamePad and the Wii U Pro Controller. Use the GamePad touch screen to… Expand;31 ;Action,Shooter,Shooter,First-Person,Historic,Modern,Arcade
FAST RACING NEO;81;8.6;Wii U;Shin'en;Shin'en;Dec 10, 2015;FAST Racing Neo is a futuristic racing title. Pick your favorite Anti-gravity vehicle and become a legend in the FAST Racing Neo league.;46 ;Driving,Racing,Arcade,Futuristic
CAPTAIN TOAD: TREASURE TRACKER;81;8.6;Wii U;Nintendo;Nintendo EAD Tokyo;Dec 5, 2014;The intrepid Captain Toad sets off on his own adventure for the very first time through a wide variety of tricky, enemy-infested, maze-like stages to find hidden gems and nab elusive gold stars.;78 ;Puzzle,Action,Platformer,3D
STICK IT TO THE MAN!;81;7.5;Wii U;Ripstone;Zoink!;May 1, 2014;Meet Ray, he lives in a world where everything is made out of paper and stickers. One day he has an accident and wakes up with a giant pink spaghetti arm sticking out of his brain. This gives him awesome powers and he can suddenly change the world around him by folding it, tearing it,… Expand;11 ;Action,Platformer,3D
AFFORDABLE SPACE ADVENTURES;81;8.1;Wii U;KnapNok Games;KnapNok Games;Apr 9, 2015;Affordable Space Adventures is a 2.5D side scrolling spaceship simulator. You are using the GamePad as a Heads Down Display - spaceship cockpit, and you have to configure all the systems in order to fly around undetected on an alien planet. You can either pilot the Small Craft TM solo, or… Expand;36 ;Scrolling,Action,Shooter,Shoot-'Em-Up,Vertical
SHANTAE: HALF-GENIE HERO;80;8.4;Wii U;XSEED Games ;WayForward;Dec 20, 2016;Shantae: Half-Genie Hero is a belly dancing, hair-whipping HD adventure from WayForward, makers of Ducktales Remastered, Adventure Time, and Contra 4.;9 ;Action,Platformer,Platformer,2D,2D
MIGHTY SWITCH FORCE! HYPER DRIVE EDITION;80;7.7;Wii U;WayForward;WayForward;Nov 18, 2012;Mighty Switch Force! Hyper Drive Edition has players enter the mechanical shape-shifting, dimension switching world and blow crime away.;19 ;Action,Platformer,Platformer,2D,2D
TOKYO MIRAGE SESSIONS #FE;80;7.9;Wii U;Nintendo;Atlus;Jun 24, 2016;An Atlus-developed RPG for Wii U set in a modern-day world of music and art featuring characters and gameplay elements from Intelligent System's Fire Emblem franchise mixed with elements from the Shin Megami Tensei franchise.;62 ;General,Fantasy,Role-Playing,Strategy,Turn-Based,Japanese-Style,General
SKYLANDERS GIANTS;80;6.2;Wii U;Activision;Vicarious Visions;Nov 18, 2012;Skylanders Giants unveils 16 new characters including super-sized Giants with oversized powers to boot, as well as the new LightCore Skylanders that light-up in the game and in the real-world as players’ transport them to Skylands using the Portal of Power that builds on the magic of the… Expand;8 ;Action,Platformer,Platformer,3D,3D
LEGO CITY UNDERCOVER;80;8.2;Wii U;Nintendo;TT Games;Mar 18, 2013;Take on the role of Chase McCain, an undercover detective armed with clever disguises. Your mission is to stifle the dastardly Rex Fury and end his crime wave in LEGO City. As players run, drive and fly through the city, they’ll use the Wii U GamePad controller as a new law enforcement… Expand;66 ;Action Adventure,Fantasy,General,Fantasy,Open-World
RESIDENT EVIL: REVELATIONS;80;7.8;Wii U;Capcom;Capcom;May 21, 2013;Resident Evil: Revelations tells the story of what happens between Resident Evil 4 and Resident Evil 5.;19 ;Action Adventure,Horror,Horror,Survival
PUSHMO WORLD;80;8.0;Wii U;Nintendo;Intelligent Systems;Jun 19, 2014;Also known as "Pullblox World". When a kindly old inventor creates a wondrous park filled with puzzling playgrounds called Pushmo, a little trickster traps Mallo’s friends inside. Now it's up to our hero, Mallo, to push, pull, and climb his way through 250 mind-bending Pushmo playgrounds to… Expand;37 ;Miscellaneous,Puzzle,Action,Logic
BADLAND: GAME OF THE YEAR EDITION;80;7.5;Wii U;Frogmind;Frogmind;Jul 30, 2015;Fly and survive through the Game-of-the-Year- winning world of BADLAND and discover an astonishing number of imaginative traps, puzzles and obstacles on the way. BADLAND is a multi-award-winning side-scrolling action adventure with innovative physics-based gameplay and stunning atmospheric… Expand;7 ;Action,Action Adventure,Arcade,Linear
JOTUN: VALHALLA EDITION;79;6.4;Wii U;Thunder Lotus Games;Thunder Lotus Games;Sep 8, 2016;In Jotun, you play Thora, a Norse warrior who has died an inglorious death and must face the challenges of Viking purgatory to prove herself to the Gods and enter Valhalla.;9 ;Action,General
EDGE;79;7.5;Wii U;Two Tribes;Two Tribes;Nov 21, 2013;EDGE is the third Indie game, after Swords & Soldiers and Frenzic, to be redeveloped and taken to other platforms by Two Tribes. The game now feels right at home on modern PCs and Macs, with super high resolutions and new special effects, while still keeping the retro vibe completely intact.;9 ;General,Puzzle,Miscellaneous,Puzzle,General
TESLAGRAD;79;8.1;Wii U;Rain Games;Rain Games;Sep 11, 2014;Teslagrad is a 2D puzzle-platformer, where you play as a young lad who suddenly finds himself embroiled in an ancient conflict that will shake the foundations of his entire existence, and bring a gruesome truth to light.The game revolves around the use of electricity and magnetism, and… Expand;15 ;Action,Platformer,Platformer,2D,2D
LITTLE INFERNO;79;7.5;Wii U;Tomorrow Corporation;Tomorrow Corporation;Nov 18, 2012;Little Inferno is an adventure that takes place almost entirely in front of a fireplace that's about looking up up up out of the chimney, and the cold world just on the other side of the wall.;22 ;Miscellaneous,Puzzle,Action,Puzzle,Action
SCRAM KITTY AND HIS BUDDY ON RAILS;79;7.7;Wii U;Dakko Dakko;Dakko Dakko;May 15, 2014;Take control of a rail-riding, laser-shooting young hero on a perilous quest to find his kidnapped pet cat! With a unique control system that allows for 360 degree platforming action and exciting 2D shooting, Scram Kitty and his Buddy on Rails pits players against an army of intelligent,… Expand;25 ;General,Action,General
NOITU LOVE: DEVOLUTION;79;7.2;Wii U;MP2 Games;Konjak;Sep 15, 2016;The year is 2288. The city is protected by an organization called "The Peacekeepers League" and everything is swell except for that it's under attack! By a robot army lead by professor Darnacus Damnation!! Or is it... ?100 years after the events of Noitu Love 1 the new star of… Expand;7 ;Action,Beat-'Em-Up,2D
EXTREME EXORCISM;79;6.5;Wii U;Ripstone;Golden Ruby Games;Sep 23, 2015;Extreme Exorcism is a paranormal platform experience in which every move you make comes back to haunt you. Assume the role of Mae Barrons, an extreme exorcist whose unconventional supernatural skills are called upon when everything and everyone else has failed to rid a haunted house of its… Expand;11 ;Action,Platformer,2D
YOSHI'S WOOLLY WORLD;78;8.4;Wii U;Nintendo;Good-Feel;Oct 16, 2015;Take Yoshi on an adventure to remember in Yoshi Land for Nintendo Wii U. Enjoy dual-screen control thanks to the Wii U Touchscreen GamePad, while you'll also be able to experience full integration with Nintendo's MiiVerse service.;83 ;Action Adventure,Platformer,2D,Fantasy,Action,Platformer,2D
SWORDS & SOLDIERS HD;78;6.4;Wii U;Two Tribes;Two Tribes;May 22, 2014;Lead an army of Vikings in their mission to create the ultimate BBQ sauce, lead the Aztecs in defense of the Holy Pepper and build an array of explosive Chinese toys! Build your own forces and defeat your foes using berserkers, dart blowers, giant boulders, ninja monkeys (yes, – ninja… Expand;11 ;Strategy,General
ADVENTURES OF PIP;78;7.7;Wii U;TicToc Games;TicToc Games;Jun 4, 2015;Play as the Ultimate Digital Underdog!Adventures of Pip, is an action-platformer with a fresh gameplay twist inside a retro 32-bit world. Alas, Pip is an unlikely 1-pixel hero yet has the unique ability to absorb the pixels of his defeated enemies to evolve into three different forms.… Expand;8 ;Action,Platformer,2D
THE WONDERFUL 101;78;8.6;Wii U;Nintendo;PlatinumGames;Sep 15, 2013;Earth is under attack from an invasion of enormous aliens, and the only thing that can protect the planet is a group of unlikely, yet mighty, heroes with special abilities. Unfortunately, the aliens are too powerful for the heroes to fight individually. They must join forces and work… Expand;75 ;Action,General,General
ELECTRONIC SUPER JOY;78;6.6;Wii U;Broken Rules;Michael Todd Games;Nov 5, 2015;Visually stunning platforming. Run and jump to pulse-pounding music. Brutally Challenging.Visually stunning, hilarious, and infinitely challenging. Critically acclaimed, adored for its style and praised for its spot-on platforming, the original Electronic Super Joy is legendary. Now… Expand;7 ;Action,Rhythm,Platformer,2D,Music
SONIC & ALL-STARS RACING TRANSFORMED;78;8.0;Wii U;Sega;Sumo Digital;Nov 18, 2012;Sonic and the All-Stars cast battle for supremacy across land, water and air in transforming vehicles that change from cars to boats to planes mid-race.;22 ;Driving,Racing,Arcade,Kart,Other,Kart,Automobile
NINTENDO LAND;77;7.9;Wii U;Nintendo;Nintendo;Nov 18, 2012;Nintendo Land is a theme park featuring 12 different attractions, each with its own play on a Nintendo franchise. Each attraction features it's own special gameplay experiences made possible by the Wii U controller. Depending on the particular attraction, players can compete individually or… Expand;61 ;Miscellaneous,Party,Party,Party / Minigame
MINECRAFT: WII U EDITION;77;7.4;Wii U;Mojang AB;4J Studios;Dec 17, 2015;The game involves players creating and destroying various types of blocks in a three dimensional environment. The player takes an avatar that can destroy or create blocks, forming fantastic structures, creations and artwork across the various multiplayer servers in multiple game modes.;15 ;Action Adventure,Sandbox
RUSH;77;7.5;Wii U;Two Tribes;Two Tribes;Dec 12, 2013;Rush is a unique 3D puzzle game.;7 ;Miscellaneous,Puzzle,General
LEGO BATMAN 2: DC SUPER HEROES;77;7.3;Wii U;Warner Bros. Interactive Entertainment;TT Games;May 21, 2013;LEGO Batman 2: DC Super Heroes is an Action-Adventure game set within the Batman universe, and filled with LEGO versions of heroes and villains from the Batman comic series, working together/against those from the Justice League comic series.;7 ;Action Adventure,Modern,General,Modern
ZOMBIU;77;7.8;Wii U;Ubisoft;Ubisoft Montpellier;Nov 18, 2012;For only the second time in history, a great plague has descended upon London, infecting the human race with a deadly disease. Big Ben tolls as hundreds upon thousands of the unprepared die or are infected by a sickness worse than death... You continue to breathe, for now. But how long will… Expand;70 ;General,Action,Action Adventure,Shooter,Shooter,Survival,First-Person,Sci-Fi,Sci-Fi,Arcade
DUNGEONS & DRAGONS: CHRONICLES OF MYSTARA;77;7.8;Wii U;Capcom;Iron Galaxy Studios;Sep 5, 2013;As the first modern role playing game, the Dungeons & Dragons franchise from Wizards of the Coast gave birth to numerous products including two arcade titles from Capcom, Dungeons & Dragons: Tower of Doom and its sequel Dungeons & Dragons: Shadow over Mystara. Both these titles… Expand;7 ;Action,Miscellaneous,Beat-'Em-Up,Compilation,Compilation
NEW SUPER LUIGI U;77;8.0;Wii U;Nintendo;Nintendo;Jun 20, 2013;To continue the fun of New Super Mario Bros. U for Wii U, Nintendo is letting Luigi take over in new downloadable content that is coming in the Year of Luigi that provides alternate versions of the game's more than 80 stages. Players can freely change between the New Super Luigi U and New… Expand;59 ;Action,Platformer,Platformer,2D,2D
TETROBOT AND CO.;77;7.9;Wii U;Neko Entertainment;Swing Swing Submarine;Oct 30, 2014;Tetrobot is the world's most popular and reliable robot, but he's not perfect. That's why Maya has built him a microscopic little brother, Psychobot.Help Maya guide Psy through Tetrobot's cogs and circuits: by swallowing blocks of matter and spitting them out, they can repair anything.… Expand;8 ;Puzzle,Action
KNYTT UNDERGROUND;76;7.6;Wii U;Ripstone;nifflas;Dec 19, 2013;Knytt Underground, the sequel to the massively popular Knytt and Knytt Stories, is the next stage in the well-liked series, with the original boasting over 1 million downloads globally. The exciting platform game offers gamers exploration in an infinitely breathtaking atmosphere and will be… Expand;12 ;Action,Platformer,2D
NIHILUMBRA;76;6.3;Wii U;BEAUTIFUN GAMES SL ;BEAUTIFUN GAMES SL;May 14, 2015;Nihilumbra is a dark, atmospheric 2D puzzle platform game boasting hand painted dark environments, nightmarish monsters, and a hauntingly beautiful soundtrack. It tells a story that really panders to the existential dread lurking within us all.;7 ;Action,Adventure,General,Platformer,2D
TOKI TORI 2;76;7.5;Wii U;Two Tribes;Two Tribes;Apr 4, 2013;Toki Tori 2 is the sequel to the game that spawned Two Tribes ten years ago. The game will provide a completely new experience, built from the ground up for today's players and technology.;27 ;Miscellaneous,Puzzle,Action,General,Puzzle,General
POKKEN TOURNAMENT;76;7.3;Wii U;Nintendo ;Bandai Namco Games;Mar 18, 2016;(Also known as "Pokemon Tekken") Battle Pokémon in all-new, action-packed arena fights. Perform vivid Pokémon moves in all their glory with button combinations through an intuitive fighting system to unleash devastating attacks upon your opponent to become the Pokkén Tournament champion.… Expand;74 ;Action,Fighting,3D
ELLIOT QUEST;76;7.2;Wii U;PlayEveryWare Games;Ansimuz Games;Mar 19, 2015;Elliot can't die—but he's still running out of time. In Elliot Quest, the victim of a rare curse must find a cure before he's transformed into a demon.After Elliot's wife disappears, he falls sick and attempts to take his own life--only to discovers that he can't die. Plagued by nightmares… Expand;11 ;Adventure,General
YOUR SHAPE: FITNESS EVOLVED 2013;76;6.5;Wii U;Ubisoft;Blue Byte;Nov 18, 2012;With 125 different workouts and 215 moves Your Shape Fitness Evolved 2013 delivers a vast array of activities. Whether you’re pursuing a solution for strength building, cardio, stretching, or relaxation, the product promises to cover you.;8 ;Miscellaneous,Exercise / Fitness
DISNEY DUCKTALES REMASTERED;76;8.0;Wii U;Capcom;WayForward;Aug 13, 2013;DuckTales Remastered has seen the development team take the levels and layout from the original 1989 release as a foundation before expanding upon them to significantly enhance the gameplay experience but where this update truly impresses is its graphics and sound. All of the visuals from… Expand;10 ;Action,Platformer,Platformer,2D,2D
CHARIOT;76;7.9;Wii U;Frima Studio;Frima Studio;Jan 8, 2015;Chariot is a funny physics-based couch co-op platformer in which a brave princess and her suitor carry a funeral wagon through ancient caves, fending-off swarms of looters while amassing riches, to bury the King's remains in a worthy gold-filled tomb.;9 ;Action,Platformer,2D
HYRULE WARRIORS;76;8.3;Wii U;Nintendo;Omega Force;Sep 26, 2014;The delicate balance of the Triforce has been disrupted, and Hyrule Kingdom is once again being torn apart by a dark power, this time lead by Sorceress Cia. Now its up to the legendary hero Link to face hordes of enemies and find the missing Princess Zelda. Advance the story to unlock new… Expand;81 ;Action,Beat-'Em-Up,3D
LONE SURVIVOR: THE DIRECTOR'S CUT;76;8.0;Wii U;Curve Studios;Curve Studios;Oct 16, 2014;From the creator of Soul Brother and Soundless Mountain II, comes an original and adult Psychological Horror.The masked protagonist must escape from a city ravaged by disease, by any means. Starving and exhausted, he has begun to question how much of what he sees is even real. A new… Expand;7 ;Action Adventure,Horror,Survival
PAPER MARIO: COLOR SPLASH;76;7.1;Wii U;Nintendo;Nintendo;Oct 7, 2016;There’s a mystery on Prism Island. The solution? Mario. Someone's been draining the color from Prism Island! Can you help Mario unravel the mystery and use the power of paint to restore the island? [Nintendo];74 ;Role-Playing,Japanese-Style
XTYPE PLUS;76;8.2;Wii U;PhobosLab;PhobosLab;Aug 14, 2014;Pure 2D blasting is what retro shooter, XType Plus, has in its gun sights, as it docks for download exclusively in Nintendo eShop on Wii U.Youll need a sturdy trigger finger to survive this vertical blaster, as you pilot an insignificant vessel against an infinite series of… Expand;7 ;Action,Shooter,Static,Shoot-'Em-Up,Top-Down
MADDEN NFL 13;75;6.8;Wii U;EA Sports;EA Tiburon;Nov 13, 2012;Build your own legacy as a player or a coach—or relive the glory of an all-time legend—in Connected Careers. Engulf yourself in the Madden NFL experience with features exclusive to Wii U, including streamlined play-calling, personnel management, and more—all directed from the innovate touch… Expand;9 ;Sim,Sports,Traditional,Team,Football,Sim
DON'T STARVE: GIANT EDITION;75;7.4;Wii U;Klei Entertainment;Klei Entertainment;May 28, 2015;Dont Starve: Giant Edition is an uncompromising wilderness survival game full of science and magic.You play as Wilson, an intrepid Gentleman Scientist who has been trapped by a demon and transported to a mysterious wilderness world. Wilson must learn to exploit his environment and its… Expand;12 ;Action Adventure,Sandbox
SPIN THE BOTTLE: BUMPIE'S PARTY;75;7.7;Wii U;KnapNok Games;Redgrim AB;Aug 8, 2013;Spin the Bottle: Bumpie's Party is a game for 2-8 players where players sit in a circle around a GamePad and spin a virtual bottle.;10 ;Miscellaneous,Party,Party,Party / Minigame
CLOUDBERRY KINGDOM;75;7.1;Wii U;Ubisoft;Pwnee Studios;Aug 1, 2013;Cloudberry Kingdom has players jump and dodge their way through billions of levels on a last ditch mission to conquer infinity.;8 ;Action,General,Platformer,Platformer,2D,2D
